,DBSCAN,K_mean
count,519,519
annual return mean,0.12589180726252658,0.1633719171609287
annual return std,0.28128139875957414,0.2702315601849756
monthly return min,-0.3595946540420669,-0.19186014345709923
monthly return max,0.29564370608306395,0.4054651081081644
Sharpe ratio,0.44756534850046326,0.6045626833856835
Maximum drawdown,-0.5636151309096487,-0.5800651016060547
