,BIRCH,DBSCAN,Gaussian_Mixture_Model,HDBSCAN,Hierarchical_Agglomerative,K_Means_outlier,Meanshift,OPTICS,Reversal
Overall,-0.09477633896645453,-0.16617864529156362,-0.07430337757486714,-0.08213753239588444,-0.08240003372431437,-0.07886324779572063,-0.10140974093617217,-0.10959919496114048,-0.04320108655607309
