,BIRCH,DBSCAN,Gaussian_Mixture_Model,HDBSCAN,Hierarchical_Agglomerative,K_Means_outlier,Meanshift,OPTICS,Reversal
Overall,-0.39336281999167916,-0.1480479408108182,-0.4883178906079557,-0.5012470684178201,-0.5012470684178201,-0.5008135058138042,-0.3802251853381944,-0.3807447831881735,-0.47658334203499025
