,BIRCH,DBSCAN,Gaussian_Mixture_Model,HDBSCAN,Hierarchical_Agglomerative,K_Means_outlier,Meanshift,OPTICS,Reversal
Overall,4.91375434302863,7.667774398393766,4.847031229268802,4.75197382097676,4.906641648782321,4.722388123366182,6.980842823899238,5.333500928702553,3.8229637683020634
