,BIRCH,DBSCAN,Gaussian_Mixture_Model,HDBSCAN,Hierarchical_Agglomerative,K_Means_outlier,Meanshift,OPTICS,Reversal
Overall,0.3916799484728992,0.4303321854779817,0.38454358647560716,0.3882143043290668,0.39192254879818467,0.3817184213537241,0.4493891650106781,0.40306156823231015,0.3105006852229304
