,BIRCH,DBSCAN,Gaussian_Mixture_Model,HDBSCAN,Hierarchical_Agglomerative,K_Means_outlier,Meanshift,OPTICS,Reversal
Overall,0.6490299402382096,1.3009935879519885,0.5046273096418917,0.5843147246372783,0.5961242253134634,0.5771737750320517,0.6741439192822175,0.7431275799790604,0.3675340437621631
