,BIRCH,DBSCAN,Gaussian_Mixture_Model,HDBSCAN,Hierarchical_Agglomerative,K_Means_outlier,Meanshift,OPTICS,Reversal,FTSE 100
count,311.0,311.0,311.0,311.0,311.0,311.0,311.0,311.0,311.0,311.0
mean,0.007669455697138371,0.005857116239831922,0.005939727224510931,0.006356425411262393,0.006376769025795591,0.0032688537035622115,0.005764715332292249,0.006120192975569643,0.004973687972966674,0.0032659162109602417
std,0.03274512666057111,0.024953953147037272,0.030798876287326464,0.04964792284916256,0.0496340973706096,0.01365543313284297,0.02971501734623476,0.029344594555046642,0.027726266644427205,0.04312510190243717
min,-0.1033060769839487,-0.0716950768496687,-0.09945871235402141,-0.6164787838221929,-0.6164787838221929,-0.054459260575420984,-0.09918182371671017,-0.11179426153705624,-0.10671471130505462,-0.19307872225054834
25%,-0.007826436550746765,-0.008128257043316222,-0.009304841044531673,-0.007871850722883295,-0.007871850722883295,-0.003927067473614594,-0.008485361794080527,-0.0031339036945190316,-0.008772325198539033,-0.019165046042100897
50%,0.0030407154776309446,0.003272933914038966,0.0037745546808121153,0.0030407154776309446,0.0034102940630045637,0.002665812138769574,0.0032351891561863454,0.0,0.00318341390283199,0.00850143810287829
75%,0.01858138954675101,0.016387724271726523,0.015213956825492866,0.01771071878092773,0.017323175933673086,0.008480919803181606,0.016302909224148624,0.014428661492891945,0.015915818446093993,0.03099314701904632
max,0.29029812567162094,0.11893315812233013,0.2508261022022963,0.3044951210871623,0.3044951210871623,0.10787633876028492,0.2829284595446681,0.3163893852381486,0.2492027402567591,0.13490760075991903
