,BIRCH,Hierarchical_Agglomerative,Reversal,FTSE 100
count,394.0,394.0,394.0,394.0
mean,0.01122936303095597,0.012299705680707521,0.007256939920376868,0.00320630789852107
std,0.042819584854138545,0.05117083945229335,0.02991101380525166,0.0432596083310102
min,-0.1090406981006834,-0.10420670665273851,-0.11284927690323927,-0.21452916472761155
25%,-0.006797722599695228,-0.00717388316717935,-0.007173944597270328,-0.017312500835169803
50%,0.0029704685484523044,0.0031024056474438923,0.0035989785451730058,0.00811447656963376
75%,0.01876947792140324,0.017869018585156847,0.01734072884133449,0.030873755757942836
max,0.3483812585071007,0.5708598687080506,0.22250554003369777,0.12655123859737394
