,BIRCH,Hierarchical_Agglomerative,Reversal,FTSE 100
count,394.0,394.0,394.0,394.0
mean,0.023527078089336212,0.036840205776741394,0.006122232460353525,0.004138802167680815
std,0.23297836596722585,0.4648566236510125,0.045191319155625014,0.04282821528394495
min,-0.1033060769839487,-0.09896097259109979,-0.638979681975932,-0.19307872225054834
25%,-0.006774663233176528,-0.007148211797738461,-0.007242160736650031,-0.017163499946843075
50%,0.002974886395849435,0.0031072252933683447,0.0036054696848121645,0.008147550277063043
75%,0.018946735327895828,0.018029646739381813,0.01749195220190788,0.0313553084553575
max,4.541421131974987,9.16245010708723,0.24920274025675915,0.13490760075991903
