,Agglomerative,BIRCH,DBSCAN,GMM,HDBSCAN,K_mean,Meanshift,OPTICS,Reversal,FTSE 100
count,394,394,394,394,394,394,394,394,394,394
annual return mean,0.8436452432026902,1.2209203764861152,1.0055504908715491,1.1181818842247484,1.3169786044400387,0.46466154583516994,1.2698812617784339,1.203404598084616,0.2674707329548125,0.03922546944970029
annual return std,0.31716557868108897,0.42149003745178626,0.347807555653862,0.34799612401340885,0.35267932133780144,0.2296452970914753,0.3467060075197008,0.39662642397941794,0.12137196388263582,0.1614455418621572
monthly return min,-0.15098713609310657,-0.2787134024690206,-0.27248019095605414,-0.26623352904429726,-0.15098713609310657,-0.1823215567939546,-0.1926059202637828,-0.18508664170021677,-0.04644031323724362,-0.21452916472761155
monthly return max,0.39612300301020154,0.399894063058709,0.4005536869010246,0.40068197751083073,0.37236629451184766,0.30010459245033816,0.4028489227438801,0.4054651081081644,0.3126948421126829,0.12655123859737394
Sharpe ratio,2.6599520878366762,2.8966767135647298,2.8911116924448668,3.2132021222789913,3.734209874977663,2.023388032414528,3.66270336895237,3.034100920484975,2.2037274869627317,0.24296409177523862
Maximum drawdown,-0.2108996584283234,-0.34032896384998806,-0.23851148661477123,-0.24919686279953956,-0.18609316060425068,-0.2715558986252616,-0.19320805523273135,-0.23120841961253907,-0.06734396701991222,-0.47138628941993693
