,Agglomerative,BIRCH,DBSCAN,GMM,HDBSCAN,K_mean,Meanshift,OPTICS,Reversal,FTSE 100
count,394,394,394,394,394,394,394,394,394,394
annual return mean,0.12968133682722205,0.09681497070617406,0.12762817955063577,0.13101261153003674,0.11643731278669933,0.04235254396434307,0.1081276894363592,0.12708762293606735,0.08560108315588755,0.03922546944970029
annual return std,0.10751320028879596,0.11341707009468593,0.10480395212286009,0.1029775433306257,0.10211514896951401,0.09968613345745836,0.09295025617033637,0.10487047425391816,0.0827425179447483,0.1614455418621572
monthly return min,-0.08092362849193857,-0.17214744892272782,-0.12487764014206885,-0.11757289836436584,-0.1421461021704882,-0.2068017736412453,-0.14102478037600732,-0.12487764014206885,-0.11075885255387037,-0.21452916472761155
monthly return max,0.2124529035129842,0.18403144226726648,0.21962197806093636,0.21962197806093636,0.21962197806093636,0.24745496833032243,0.14944747816429266,0.21962197806093636,0.14878378400857903,0.12655123859737394
Sharpe ratio,1.2061899048570712,0.8536190418721656,1.2177802169236822,1.272244484502801,1.1402550352392977,0.4248589296766863,1.1632855453158661,1.211853229807618,1.0345477184178522,0.24296409177523862
Maximum drawdown,-0.12386880905128354,-0.23552329560668184,-0.18825100565566083,-0.18544258064856328,-0.19043268597038343,-0.26804655933578087,-0.1895018091391393,-0.19398154257126254,-0.19280708151163173,-0.47138628941993693
