,Agglomerative,BIRCH,DBSCAN,GMM,HDBSCAN,K_mean,Meanshift,OPTICS,Reversal,FTSE 100
count,394,394,394,394,394,394,394,394,394,394
annual return mean,0.11436849552686312,0.09553202392968241,0.1275893824266594,0.12048407839238995,0.10978655653243297,0.10894631653000353,0.1081276894363592,0.12699508860421727,0.08560108315588755,0.03922546944970029
annual return std,0.0965002710599856,0.13085614726369088,0.10479187881293317,0.10634409701959568,0.102506322885072,0.08747561087809741,0.09295025617033637,0.10492137708877047,0.0827425179447483,0.1614455418621572
monthly return min,-0.13053485414724153,-0.23614113168750397,-0.12487764014206885,-0.14670626966244654,-0.1426902926544401,-0.07587219204479397,-0.14102478037600732,-0.12487764014206885,-0.11075885255387037,-0.21452916472761155
monthly return max,0.19763297015063055,0.2657372154560741,0.21962197806093636,0.21962197806093636,0.21962197806093636,0.11063157840390724,0.14944747816429266,0.21962197806093636,0.14878378400857903,0.12655123859737394
Sharpe ratio,1.185162427738368,0.730053772232602,1.217550289888615,1.1329644218069643,1.0710222886009033,1.2454479075525047,1.1632855453158661,1.2103833568327165,1.0345477184178522,0.24296409177523862
Maximum drawdown,-0.19968898154990591,-0.33044434402076145,-0.18825100565566083,-0.19775615901336766,-0.1956273693383262,-0.08480061859344892,-0.1895018091391393,-0.19398154257126254,-0.19280708151163173,-0.47138628941993693
