,Agglomerative,BIRCH,DBSCAN,GMM,HDBSCAN,K_mean,Meanshift,OPTICS,Reversal,FTSE 100
count,394,394,394,394,394,394,394,394,394,394
annual return mean,0.12968133682722205,0.10661712527588763,0.12762817955063577,0.11495118187154807,0.11643731278669933,0.1305102508129039,0.11074515666594431,0.12708762293606735,0.08560108315588755,0.03922546944970029
annual return std,0.10751320028879596,0.12657589390710022,0.10480395212286009,0.08512748462720499,0.10211514896951401,0.10134939554283484,0.09167738458116337,0.10487047425391816,0.0827425179447483,0.1614455418621572
monthly return min,-0.08092362849193857,-0.09680641478032866,-0.12487764014206885,-0.09807691457527894,-0.1421461021704882,-0.0823349631401397,-0.14102478037600732,-0.12487764014206885,-0.11075885255387037,-0.21452916472761155
monthly return max,0.2124529035129842,0.29402341978792473,0.21962197806093636,0.1293641225930955,0.21962197806093636,0.21962197806093636,0.14752652941386263,0.21962197806093636,0.14878378400857903,0.12655123859737394
Sharpe ratio,1.2061899048570712,0.8423177746162216,1.2177802169236822,1.3503415773994578,1.1402550352392977,1.2877259910025252,1.2079877406177524,1.211853229807618,1.0345477184178522,0.24296409177523862
Maximum drawdown,-0.12386880905128354,-0.22064955825619778,-0.18825100565566083,-0.1666406799657267,-0.19043268597038343,-0.17797469275963584,-0.19390594316556023,-0.19398154257126254,-0.19280708151163173,-0.47138628941993693
