,Agglomerative,BIRCH,DBSCAN,GMM,HDBSCAN,K_mean,Meanshift,OPTICS,Reversal,FTSE 100
count,394,394,394,394,394,394,394,394,394,394
annual return mean,0.8320167234208421,1.2675914135331425,0.9675562581519559,1.1931217715462519,1.441330659135492,0.4758381265063317,1.3199361621855363,1.1941654568884958,0.7279459444154471,0.03847569478225284
annual return std,1.624025516947245,2.0816571716707415,1.5711693392829182,1.7150867092538051,2.0751375895857653,1.0799199904753811,1.9952729798177204,1.9479408062777048,1.4735928205489446,0.5184561056745057
monthly return min,-0.6885687729221249,-0.5292482602948579,-0.16548946333580902,-0.5479356658558588,-0.6109563967992037,-0.2798963573190892,-0.5455288735744829,-0.6734873796570419,-0.39943599383922485,-0.21452916472761155
monthly return max,0.6924661778881933,0.6891039157125665,0.617905849293633,0.6134026279051156,0.6505573678880299,0.6605922741941609,0.6774559629722082,0.6532056689733385,0.6911758946265488,0.12655123859737394
Sharpe ratio,0.5123175188680668,0.6089338008120576,0.6158192080005511,0.6956626537356538,0.6945711293404923,0.44062350053994986,0.661531617746921,0.6130399101656541,0.4939939542758303,0.07421205838090454
Maximum drawdown,-0.688996115738746,-0.736816292537516,-0.18563500762544163,-0.5479356658558588,-0.6844398331078789,-0.2798963573190891,-0.8093804678616043,-0.6899086318593255,-0.4101981102679232,-0.5021825547496205
