,Agglomerative,BIRCH,DBSCAN,GMM,HDBSCAN,K_mean,Meanshift,OPTICS,Reversal,FTSE 100
count,394,394,394,394,394,394,394,394,394,394
annual return mean,0.1295260003074188,0.10538212808543812,0.12575152689454527,0.12109301984710918,0.11795075150555223,0.13232940484339295,0.11250401988402547,0.1252504229650988,0.0899149797616039,0.03922546944970029
annual return std,0.07737137070400468,0.08200164349032613,0.08116220822064424,0.0634078480113236,0.08014456320086749,0.07884793916894539,0.06685904762613148,0.08120897253129722,0.0643178607574535,0.1614455418621572
monthly return min,-0.07029235868966406,-0.06599931499882768,-0.062011395303374156,-0.049974673267526054,-0.06444109739749011,-0.05088519574567644,-0.06587212925678061,-0.062011395303374156,-0.06237267514501073,-0.21452916472761155
monthly return max,0.17399550767099634,0.11171963843300452,0.21962197806093636,0.09976563037291797,0.21962197806093636,0.21962197806093636,0.10108169853628236,0.21962197806093636,0.10195759555951327,0.12655123859737394
Sharpe ratio,1.6740817582635203,1.2851221463368625,1.549385232997633,1.9097481407267436,1.4717249279895697,1.6782861573573185,1.6827044936855173,1.5423224683310506,1.3979783951564975,0.24296409177523862
Maximum drawdown,-0.1294296870333261,-0.1769546619196924,-0.1773726640789851,-0.13489297678635764,-0.1667447342334445,-0.1334841155935455,-0.15615086428475566,-0.1773726640789851,-0.15508271064399679,-0.47138628941993693
