,Agglomerative,BIRCH,DBSCAN,GMM,HDBSCAN,K_mean,Meanshift,OPTICS,Reversal,FTSE 100
count,394,394,394,394,394,394,394,394,394,394
annual return mean,0.5974279942076801,0.7857184945245672,0.6663868189523413,0.7574823434732662,0.8169940136385316,0.3707702641796004,0.7601097597227404,0.7875604452503147,0.2360472833186173,0.03847569478225284
annual return std,0.9451984378084826,1.243357303323952,1.0505178023475295,1.0463218247418313,1.0533403478350951,0.6524002224637866,1.0541195397912269,1.1365725097494148,0.39993703682245785,0.5184561056745057
monthly return min,-0.1772338500101318,-0.2787134024690206,-0.27248019095605414,-0.1724780219833318,-0.2422645927609881,-0.11571576885660328,-0.2759907479904514,-0.14505842991019088,-0.051168810897168786,-0.21452916472761155
monthly return max,0.39612300301020154,0.4054651081081644,0.4005536869010246,0.4054651081081644,0.37236629451184766,0.26662866325394863,0.4028489227438801,0.4054651081081644,0.3126948421126829,0.12655123859737394
Sharpe ratio,0.6320662099197543,0.6319329869411249,0.6343412909930765,0.7239477621143636,0.7756220630090546,0.5683171945886041,0.7210849728421538,0.6929258261084914,0.5902111122141575,0.07421205838090454
Maximum drawdown,-0.1772338500101318,-0.38394527585011307,-0.27248019095605414,-0.18451448591016717,-0.25617647079283695,-0.12033252788331483,-0.3650810174625653,-0.19849897184586515,-0.07555377133496775,-0.5021825547496205
