,Agglomerative,BIRCH,Cointegration,DBSCAN,GMM,HDBSCAN,K_mean,Meanshift,OPTICS,Reversal,FTSE 100
count,394,394,394,394,394,394,394,394,394,394,394
annual return mean,0.13001547817229842,0.10374527818107171,0.17350812047141329,0.1255747360536803,0.11762121479400633,0.11711146651698368,0.12786959709800572,0.11250823188785297,0.1252909396869062,0.0899149797616039,0.03922546944970029
annual return std,0.07640963894840236,0.08206853007646964,0.12322576165540067,0.08115261536056861,0.06313411136272928,0.08029286233046595,0.07938519548705836,0.06685803079753727,0.08122314913789808,0.0643178607574535,0.1614455418621572
monthly return min,-0.07029235868966406,-0.06599931499882768,-0.1859657727829495,-0.062011395303374156,-0.057294813057917615,-0.06444109739749011,-0.05088519574567644,-0.06587212925678061,-0.062011395303374156,-0.06237267514501073,-0.21452916472761155
monthly return max,0.17399550767099634,0.11171963843300452,0.21825291097201696,0.21962197806093636,0.10082015871944484,0.21962197806093636,0.21962197806093636,0.10108169853628236,0.21962197806093636,0.10195759555951327,0.12655123859737394
Sharpe ratio,1.7015585986487232,1.2641298447091005,1.4080507041752082,1.547389883810153,1.863037465091226,1.4585538878285504,1.6107486580271941,1.6827930847762456,1.5425521051171165,1.3979783951564975,0.24296409177523862
Maximum drawdown,-0.1294296870333261,-0.1769546619196924,-0.2681676203061853,-0.1773726640789851,-0.13774376700730326,-0.168003166089869,-0.1334841155935455,-0.15615086428475566,-0.1773726640789851,-0.15508271064399679,-0.47138628941993693
