,Agglomerative,BIRCH,DBSCAN,GMM,HDBSCAN,K_mean,Meanshift,OPTICS,Reversal,FTSE 100
count,394.0,394.0,394.0,394.0,394.0,394.0,394.0,394.0,394.0,394.0
mean,0.364401483423435,0.2860941075828301,0.5419749607366107,0.39770328348047235,0.5159297172238287,0.07310757904722803,0.41149362178253474,0.5004114943531572,0.108789860404325,0.004138802167680815
std,4.785623513815855,1.5189900891730905,6.061850731112086,3.5450608033477815,3.5927037933428343,0.45454538931078303,3.460827039683043,4.126096846120601,0.8139373338765832,0.04282821528394495
min,-6.827930740905039,-20.134493670886076,-4.151160509576156,-3.005413140518711,-1.751182099945839,-0.24413792303174012,-1.9758107146505037,-2.24779360870413,-6.511254022928079,-0.19307872225054834
25%,0.0,0.0,0.0,0.0052024236283805605,0.0034976952960216147,0.0,0.007625618441916158,0.0,0.002252457204249606,-0.017163499946843075
50%,0.027124326296015813,0.04101698545673721,0.02902070189988313,0.05074123625393806,0.05560535752130839,0.017075232391355104,0.058542380700636484,0.04037451297531791,0.02212390370916963,0.008147550277063043
75%,0.12350884752577558,0.22724774260758424,0.1515107221779773,0.18290150140546838,0.2634850086123261,0.0575735572523901,0.2220553396575321,0.190190451824434,0.08208811732180282,0.0313553084553575
max,94.31564594859462,14.129015463542915,117.8911111111111,67.362928434923,67.36181105894036,8.652928877894045,67.36723423529195,78.5496360196053,13.654871492857213,0.13490760075991903
