Momentum Index,0,1,2
LWDB,-0.0190032816912157,-1.4841347911219647,-1.6277909963845994e-16
RIII,-0.0185304026953312,1.4841347911219647,3.393186711696557e-16
