Momentum Index,0,1,2
LWDB,0.0499978128690783,1.233950678164531,2.1211459205934917e-17
RIII,0.0204072790294627,-1.233950678164531,6.205526764095182e-17
