Momentum Index,0,1,2
LWDB,0.0297283746718968,-0.4740381137003496,8.559384088836587e-20
RIII,0.0088415483152324,0.47403811370034965,1.611084643759022e-16
