Momentum Index,0,1,2
LWDB,0.0348736736598347,0.7014277637277707,2.5347870456315743e-17
RIII,0.0299955888839875,-0.7014277637277707,1.0424803017878248e-16
