Momentum Index,0,1,2
LWDB,0.0546786716728029,0.6979160049499771,-6.944288349197465e-17
RIII,0.0638651877133105,-0.6979160049499771,1.6658739814667584e-16
