Momentum Index,0,1,2
LWDB,0.1340831265118909,-0.30774244674099854,5.912794746374573e-17
RIII,0.0857132708155725,0.30774244674099854,4.235337588089749e-17
