Momentum Index,0,1,2
LWDB,-0.0190032816912157,1.5650053458354445,2.4846090879528676e-16
RIII,-0.0185304026953312,-1.5650053458354447,9.439148100656144e-17
