Momentum Index,0,1,2
LWDB,0.0026013043159667,2.0594925499998746,9.803654890528232e-17
RIII,-0.0162410435421642,-2.059492549999874,2.0727478286663572e-16
