Momentum Index,0,1,2
LWDB,-0.0441568795805096,-0.3943673841069185,8.386292932994423e-17
RIII,0.0,0.3943673841069186,4.147084180938008e-17
