Momentum Index,0,1,2
LWDB,0.0120224936978865,-0.4722618268836884,7.84769189903381e-17
RIII,0.0087681989203336,0.4722618268836885,4.989261823194561e-17
