Momentum Index,0,1,2
LWDB,0.0831542138526193,0.3118610282096202,9.413371301605292e-17
RIII,0.0,-0.31186102820962014,8.662218702645612e-17
