,DBSCAN,K_mean
count,519,519
annual return mean,0.30317828347458775,0.1950103535702663
annual return std,0.33949727952874253,0.3025137279215251
monthly return min,-0.40546010812066435,-0.40546010812066435
monthly return max,0.3726752852851735,0.28768207245178085
Sharpe ratio,0.8930212456943122,0.6446330713985113
Maximum drawdown,-0.5350655422239607,-0.5663107365149977
