Momentum Index,0,1,2
LWDB,-0.0615738270185952,1.2178235373252841,-1.5908133220323535e-16
RIII,-0.0199991507791601,-1.217823537325284,2.0765358953058595e-16
