Momentum Index,0,1,2
LWDB,0.0193714018982418,1.458183240383066,-1.32639059167359e-16
RIII,-0.0094401307723742,-1.458183240383066,1.8815021039861684e-16
