Momentum Index,0,1,2
LWDB,0.0499978128690783,1.2685623111097903,-5.98038923386241e-18
RIII,0.0204072790294627,-1.2685623111097901,1.178594532166539e-16
