Momentum Index,0,1,2
LWDB,-0.0101063829787234,-0.9988138556217319,-1.8061983621911086e-16
RIII,-0.0193884846700593,0.9988138556217319,2.0837541183473978e-16
