Momentum Index,0,1,2
LWDB,-0.0518180157135026,-1.900955898896214,1.119519364295029e-16
RIII,-0.025660180032122,1.9009558988962143,1.5191805733429133e-16
