Momentum Index,0,1,2
LWDB,0.0348736736598347,-0.7445306180046528,5.461606150932906e-17
RIII,0.0299955888839875,0.7445306180046528,9.441024920347421e-17
