Momentum Index,0,1,2
LWDB,-0.022683660317915,0.5463853131857208,1.5760016224666361e-16
RIII,-0.0087640604513145,-0.5463853131857208,2.0408968249450067e-16
