Momentum Index,0,1,2
LWDB,0.0546786716728029,-0.7440651292608529,-1.4348380440720443e-16
RIII,0.0638651877133105,0.7440651292608528,2.1981163735018394e-16
