Momentum Index,0,1,2
LWDB,0.0532254424707439,-0.7827178365280214,-4.042389730374991e-17
RIII,0.0175179400590965,0.7827178365280214,1.8961011623775532e-16
