Momentum Index,0,1,2
LWDB,0.0088154269972451,-0.6501527110256581,-6.851187606536963e-17
RIII,-0.0086081725783032,0.6501527110256581,1.864730724317925e-16
