Momentum Index,0,1,2
LWDB,0.1671630360789651,-1.0143248116426264,-3.2144184814783744e-17
RIII,0.0155979202772964,1.0143248116426264,1.6492510742505135e-16
