Momentum Index,0,1,2
LWDB,-0.0691329141687381,0.5657800115030747,1.1739898058472205e-16
RIII,0.0066869300911853,-0.5657800115030748,-6.3766781222063926e-18
