,Agglomerative,BIRCH,Bisecting_K_mean,Cointegration,DBSCAN,GMM,HDBSCAN,K_mean,Meanshift,OPTICS,Reversal,FTSE 100
count,394,394,394,394,394,394,394,394,394,394,394,394
annual return mean,0.29955065126533764,0.305943581122583,0.2897947288327414,0.1715076873069119,0.2993600480422305,0.30047510987044945,0.3144953013533842,0.3044785847034388,0.28467853583231606,0.29666833769119005,0.08857542322716871,0.03922546944970029
annual return std,0.10643789621627331,0.11450725799179118,0.11483603211085702,0.12346617739346066,0.11525480299941626,0.13850373934781324,0.13524315847539392,0.11262070844868699,0.1019426931859313,0.11924550002884327,0.06437982088822314,0.1614455418621572
monthly return min,-0.05218584559914646,-0.06460385381471014,-0.1823195567959547,-0.18797308050447437,-0.07586771643711551,-0.07827555385524035,-0.10534734619893389,-0.07681973801510174,-0.06772973036008607,-0.08488879417644354,-0.0627102859615143,-0.21452916472761155
monthly return max,0.1474956710622227,0.22314355131420976,0.13694749203363324,0.21825291097201696,0.22314355131420976,0.2271758148421481,0.22314355131420976,0.22314355131420976,0.1352046768983706,0.22314355131420976,0.10183632950048264,0.12655123859737394
Sharpe ratio,2.8143232994447263,2.6718269783782227,2.5235522640924053,1.3891066438410342,2.5973759032302253,2.169436805716058,2.3254063636099076,2.7035754693566627,2.7925349717129446,2.4878786840545892,1.3758258722240655,0.24296409177523862
Maximum drawdown,-0.13641795789170547,-0.21990086863052247,-0.16666500000000004,-0.2703328684249446,-0.1979468044092391,-0.14684570332605332,-0.166761678351189,-0.1224463657009096,-0.1725771727263783,-0.2675218735793923,-0.1562754960872107,-0.47138628941993693
