,Agglomerative,BIRCH,Cointegration,DBSCAN,GMM,HDBSCAN,K_mean,Meanshift,MiniBatch_K_mean,OPTICS,Reversal,FTSE 100
count,394,394,394,394,394,394,394,394,394,394,394,394
annual return mean,0.13119564544351636,0.12728549545148127,0.1715076873069119,0.12416889784586971,0.1398273021609555,0.13148022178022845,0.12687526438952879,0.11122969567545948,0.12692407771309133,0.1339007179727365,0.08857542322716871,0.03922546944970029
annual return std,0.07674023386636608,0.08027128838922892,0.12346617739346066,0.08123014496952008,0.0996329394126998,0.09304197526596636,0.0791571353089211,0.06724605663294381,0.09749691040222941,0.12607428118790676,0.06437982088822314,0.1614455418621572
monthly return min,-0.044741209178661805,-0.06463327600169798,-0.18797308050447437,-0.06241639558853877,-0.0668151968993761,-0.07566090203779066,-0.06037103720753711,-0.06659990905209541,-0.06706203814360669,-0.13127532849784002,-0.0627102859615143,-0.21452916472761155
monthly return max,0.17399550767099634,0.21962197806093636,0.21825291097201696,0.21962197806093636,0.22314355131420976,0.21962197806093636,0.21962197806093636,0.10156026115206875,0.3685284553534743,0.21962197806093636,0.10183632950048264,0.12655123859737394
Sharpe ratio,1.7096070579088651,1.5856914471620824,1.3891066438410342,1.5286061337507337,1.403424439599865,1.4131280145803433,1.6028278928283777,1.6540701603158112,1.3018266649625958,1.0620779806244929,1.3758258722240655,0.24296409177523862
Maximum drawdown,-0.1305590052965776,-0.19318096577945085,-0.2703328684249446,-0.1785230105317241,-0.11343805057484373,-0.1731372519732127,-0.15395921414829922,-0.1597313897888165,-0.13353256189368873,-0.27173282854387426,-0.1562754960872107,-0.47138628941993693
