,DBSCAN,K_mean,Reversal
count,519,519,519
annual return mean,0.24243591581972024,0.20962379579466384,0.16853506926474227
annual return std,0.16155811991814328,0.11659391172830702,0.07383887149771207
monthly return min,-0.2807334808126773,-0.10994198685926455,-0.05673369436350936
monthly return max,0.26652384694443476,0.31237468504215243,0.14472862603021777
Sharpe ratio,1.5006111481277162,1.7978965855707776,2.282470815794692
Maximum drawdown,-0.3432817829997629,-0.13225502310363732,-0.09357584611392153
