,Agglomerative,BIRCH,Cointegration,DBSCAN,GMM,HDBSCAN,K_mean,Meanshift,OPTICS,Reversal,FTSE 100
count,394,394,394,394,394,394,394,394,394,394,394
annual return mean,0.12992291479776563,0.10312898377647906,0.1715076873069119,0.12329403320693233,0.11112152726967217,0.1164557269016131,0.1277737031194237,0.11106498115374008,0.1237830148808281,0.08857542322716871,0.03922546944970029
annual return std,0.07637977206834279,0.08314020476436701,0.12346617739346066,0.08048182120557779,0.09573776664403866,0.08020856250349118,0.07869812517395092,0.06690333770277057,0.08128554070071181,0.06437982088822314,0.1614455418621572
monthly return min,-0.044741209178661805,-0.06639463674278163,-0.18797308050447437,-0.06018865991678454,-0.1564086311517156,-0.06524861743762829,-0.05127458632130424,-0.06659990905209541,-0.06241639558853877,-0.0627102859615143,-0.21452916472761155
monthly return max,0.17399550767099634,0.11161421687005289,0.21825291097201696,0.21962197806093636,0.10399120470648865,0.21962197806093636,0.21962197806093636,0.10093686257724983,0.21962197806093636,0.10183632950048264,0.12655123859737394
Sharpe ratio,1.7010120779296607,1.2404225376731213,1.3891066438410342,1.531948847081848,1.1606864371803416,1.451911407794451,1.6235927201187863,1.660081319816436,1.522817143292302,1.3758258722240655,0.24296409177523862
Maximum drawdown,-0.1305590052965776,-0.1787471561759574,-0.2703328684249446,-0.16671549391081805,-0.26799959724739164,-0.16828615663208785,-0.1358321615824859,-0.15734368781874844,-0.1785230105317243,-0.1562754960872107,-0.47138628941993693
