,Agglomerative,BIRCH,Bisecting,Cointegration,DBSCAN,GMM,HDBSCAN,K_mean,Meanshift,OPTICS,Reversal,FTSE 100
count,394,394,394,394,394,394,394,394,394,394,394,394
annual return mean,0.1276369121415586,0.11433737393987631,0.12815196409261564,0.1715076873069119,0.12423102666676655,0.10780714247551892,0.13215905135436423,0.1261678192026907,0.11122969567545948,0.12384095458092848,0.08857542322716871,0.03922546944970029
annual return std,0.07573044695896125,0.06556990964550558,0.09726128493120312,0.12346617739346066,0.08118798212301725,0.08938655956360986,0.0930356406459465,0.08019454470936127,0.06724605663294381,0.08128678456629568,0.06437982088822314,0.1614455418621572
monthly return min,-0.0706496721726562,-0.04510053976538319,-0.06706203814360669,-0.18797308050447437,-0.06241639558853877,-0.1564086311517156,-0.07566090203779066,-0.06676541990340726,-0.06659990905209541,-0.06241639558853877,-0.0627102859615143,-0.21452916472761155
monthly return max,0.17399550767099634,0.10068147262196511,0.3685284553534743,0.21825291097201696,0.21962197806093636,0.10143555175476551,0.21962197806093636,0.21962197806093636,0.10156026115206875,0.21962197806093636,0.10183632950048264,0.12655123859737394
Sharpe ratio,1.6854107861099215,1.7437476207916882,1.317605090075283,1.3891066438410342,1.530165221726164,1.2060777705489436,1.4205206782775277,1.5732718436141067,1.6540701603158112,1.52350662216103,1.3758258722240655,0.24296409177523862
Maximum drawdown,-0.1305590052965776,-0.14928706468637037,-0.11438251027053817,-0.2703328684249446,-0.1785230105317241,-0.19132559428250653,-0.1731372519732126,-0.11140673047418008,-0.1597313897888165,-0.1785230105317243,-0.1562754960872107,-0.47138628941993693
