Momentum Index,0,1,2
LWDB,0.0239345738295317,-2.156628063495607,-7.80827149558104e-17
RIII,0.0,2.156628063495607,2.1339114608200136e-16
