Momentum Index,0,1,2
LWDB,-0.0615738270185952,1.1750467400734013,1.0369270854570065e-16
RIII,-0.0199991507791601,-1.175046740073401,3.161572258049031e-17
