Momentum Index,0,1,2
LWDB,-0.0101063829787234,0.9541128091454532,-8.658289002458896e-17
RIII,-0.0193884846700593,-0.9541128091454532,1.5597182906366124e-16
