Momentum Index,0,1,2
LWDB,0.0193714018982418,1.3972401267980388,-2.834982720528902e-17
RIII,-0.0094401307723742,-1.3972401267980386,1.671277052834336e-16
