Momentum Index,0,1,2
LWDB,-0.0518180157135026,1.8451996932081889,1.1837898968904008e-16
RIII,-0.025660180032122,-1.8451996932081887,2.663306869639446e-16
