Momentum Index,0,1,2
LWDB,0.0026013043159667,2.0080540125177126,8.688487893187519e-17
RIII,-0.0162410435421642,-2.0080540125177126,6.056661652615342e-17
