Momentum Index,0,1,2
LWDB,0.0088154269972451,0.519248818492597,8.729560591688158e-17
RIII,-0.0086081725783032,-0.5192488184925971,9.027294989975924e-17
