Momentum Index,0,1,2
LWDB,0.0532254424707439,-0.6724721642336506,-1.0757867875648168e-16
RIII,0.0175179400590965,0.6724721642336506,2.2682624237152016e-16
