Momentum Index,0,1,2
LWDB,-0.0208298616897183,0.9664423479447228,-8.080667596566636e-19
RIII,0.0,-0.9664423479447227,8.40747936065434e-17
