Momentum Index,0,1,2
LWDB,-0.022683660317915,0.5240429277014133,1.9013092053422104e-16
RIII,-0.0087640604513145,-0.5240429277014131,1.467713520384934e-16
