Momentum Index,0,1,2
LWDB,0.0120224936978865,-0.4722523432886798,5.587978830453697e-17
RIII,0.0087681989203336,0.4722523432886798,9.330643062946844e-17
