Momentum Index,0,1,2
LWDB,0.0831542138526193,0.30724928565843984,1.0199244537981277e-16
RIII,0.0,-0.3072492856584398,5.592151554083912e-17
