Momentum Index,0,1,2
LWDB,-0.0691329141687381,0.566394207931185,7.718944599964382e-17
RIII,0.0066869300911853,-0.566394207931185,-9.101549567554135e-18
